ProductId,Category,MainCategory,TaxTarifCode,SupplierName,WeightMeasure,WeightUnit,Description,Name,ProductPicUrl,Status,Quantity,UoM,CurrencyCode,Price,Width,Depth,Height,DimUnit,Rating
"HT-1000","Laptops","Computer Systems","1","Very Best Screens",4.2,"KG","Notebook Basic 15 with 2,80 GHz quad core, 15"" LCD, 4 GB DDR3 RAM, 500 GB Hard Disc, Windows 8 Pro","Notebook Basic 15","https://sdk.openui5.org/test-resources/sap/ui/documentation/sdk/images/HT-1000.jpg","In Stock",10,"PC","EUR",956,30,18,3,"cm",4
"HT-1003","Laptops","Computer Systems","1","Smartcards",4.2,"KG","Notebook Basic 19 with 2,80 GHz quad core, 19"" LCD, 8 GB DDR3 RAM, 1000 GB Hard Disc, Windows 8 Pro","Notebook Basic 19","https://sdk.openui5.org/test-resources/sap/ui/documentation/sdk/images/HT-1003.jpg","In Stock",15,"PC","EUR",1650,32,21,4,"cm",5
"HT-1007","Accessories","Computer Components","1","Technocom",0.2,"KG","Digital Organizer with State-of-the-Art Storage Encryption","ITelO Vault","https://sdk.openui5.org/test-resources/sap/ui/documentation/sdk/images/HT-1007.jpg","Not in Stock",15,"PC","EUR",299,32,22,3,"cm",2
"HT-1010","Accessories","Computer Systems","1","Very Best Screens",4.3,"KG","Notebook Professional 15 with 2,80 GHz quad core, 15"" Multitouch LCD, 8 GB DDR3 RAM, 500 GB SSD - DVD-Writer (DVD-R/+R/-RW/-RAM),Windows 8 Pro","Notebook Professional 15","https://sdk.openui5.org/test-resources/sap/ui/documentation/sdk/images/HT-1010.jpg","Not in Stock",16,"PC","EUR",1999,33,20,3,"cm",1
"HT-1011","Laptops","Computer Systems","1","Very Best Screens",4.1,"KG","Notebook Professional 17 with 2,80 GHz quad core, 17"" Multitouch LCD, 8 GB DDR3 RAM, 500 GB SSD - DVD-Writer (DVD-R/+R/-RW/-RAM),Windows 8 Pro","Notebook Professional 17","https://sdk.openui5.org/test-resources/sap/ui/documentation/sdk/images/HT-1011.jpg","In Stock",17,"PC","EUR",2299,33,23,2,"cm",3
"HT-1020","Accessories","Computer Components","1","Technocom",0.16,"KG","Digital Organizer with State-of-the-Art Encryption for Storage and Network Communications","ITelO Vault Net","https://sdk.openui5.org/test-resources/sap/ui/documentation/sdk/images/HT-1020.jpg","Not in Stock",14,"PC","EUR",459,10,1.8,17,"cm",4
"HT-1021","Accessories","Computer Components","1","Technocom",0.18,"KG","Digital Organizer with State-of-the-Art Encryption for Storage and Secure Stellite Link","ITelO Vault SAT","https://sdk.openui5.org/test-resources/sap/ui/documentation/sdk/images/HT-1021.jpg","In Stock",50,"PC","EUR",149,11,1.7,18,"cm",5
"HT-1022","Accessories","Computer Components","1","Technocom",0.2,"KG","32 GB Digital Assistant with high-resolution color screen","Comfort Easy","https://sdk.openui5.org/test-resources/sap/ui/documentation/sdk/images/HT-1022.jpg","In Stock",30,"PC","EUR",1679,84,1.5,14,"cm",2
"HT-1023","Accessories","Computer Components","1","Technocom",0.8,"KG","64 GB Digital Assistant with high-resolution color screen and synthesized voice output","Comfort Senior","https://sdk.openui5.org/test-resources/sap/ui/documentation/sdk/images/HT-1023.jpg","In Stock",24,"PC","EUR",512,80,1.6,13,"cm",4
"HT-1030","Flat Screen Monitors","Computer Components","1","Very Best Screens",21,"KG","Optimum Hi-Resolution max. 1920 x 1080 @ 85Hz, Dot Pitch: 0.27mm","Ergo Screen E-I","https://sdk.openui5.org/test-resources/sap/ui/documentation/sdk/images/HT-1030.jpg","In Stock",14,"PC","EUR",230,37,12,36,"cm",4
"HT-1031","Flat Screen Monitors","Computer Components","1","Very Best Screens",21,"KG","Optimum Hi-Resolution max. 1920 x 1200 @ 85Hz, Dot Pitch: 0.26mm","Ergo Screen E-II","https://sdk.openui5.org/test-resources/sap/ui/documentation/sdk/images/HT-1031.jpg","In Stock",24,"PC","EUR",285,40.8,19,43,"cm",4
"HT-1032","Flat Screen Monitors","Computer Components","1","Very Best Screens",21,"KG","Optimum Hi-Resolution max. 2560 x 1440 @ 85Hz, Dot Pitch: 0.25mm","Ergo Screen E-III","https://sdk.openui5.org/test-resources/sap/ui/documentation/sdk/images/HT-1032.jpg","In Stock",50,"PC","EUR",345,40.8,19,43,"cm",4
"HT-1035","Flat Screen Monitors","Computer Components","1","Very Best Screens",14,"KG","Optimum Hi-Resolution max. 1600 x 1200 @ 85Hz, Dot Pitch: 0.24mm","Flat Basic","https://sdk.openui5.org/test-resources/sap/ui/documentation/sdk/images/HT-1035.jpg","In Stock",23,"PC","EUR",399,39,20,41,"cm",4
"HT-1036","Flat Screen Monitors","Computer Components","1","Very Best Screens",15,"KG","Optimum Hi-Resolution max. 2048 x 1080 @ 85Hz, Dot Pitch: 0.26mm","Flat Future","https://sdk.openui5.org/test-resources/sap/ui/documentation/sdk/images/HT-1036.jpg","In Stock",22,"PC","EUR",430,45,26,46,"cm",4
"HT-1037","Flat Screen Monitors","Computer Components","1","Very Best Screens",17,"KG","Optimum Hi-Resolution max. 2016 x 1512 @ 85Hz, Dot Pitch: 0.24mm","Flat XL","https://sdk.openui5.org/test-resources/sap/ui/documentation/sdk/images/HT-1037.jpg","In Stock",23,"PC","EUR",1230,54.5,22.1,39.1,"cm",4
"HT-1040","Printers","Printers & Scanners","1","Alpha Printers",32,"KG","Print 2400 dpi image quality color documents at speeds of up to 32 ppm (color) or 36 ppm (monochrome), letter/A4. Powerful 500 MHz processor, 512MB of memory","Laser Professional Eco","https://sdk.openui5.org/test-resources/sap/ui/documentation/sdk/images/HT-1040.jpg","In Stock",21,"PC","EUR",830,51,46,30,"cm",4
"HT-1041","Printers","Printers & Scanners","1","Alpha Printers",23,"KG","Up to 22 ppm color or 24 ppm monochrome A4/letter, powerful 500 MHz processor and 128MB of memory","Laser Basic","https://sdk.openui5.org/test-resources/sap/ui/documentation/sdk/images/HT-1041.jpg","In Stock",8,"PC","EUR",490,48,42,26,"cm",4
"HT-1042","Printers","Printers & Scanners","1","Alpha Printers",17,"KG","Print up to 25 ppm letter and 24 ppm A4 color or monochrome, with Available first-page-out-time of less than 13 seconds for monochrome and less than 15 seconds for color","Laser Allround","https://sdk.openui5.org/test-resources/sap/ui/documentation/sdk/images/HT-1042.jpg","In Stock",9,"PC","EUR",349,53,50,65,"cm",4
"HT-1050","Printers","Printers & Scanners","1","Alpha Printers",3,"KG","4800 dpi x 1200 dpi - up to 35 ppm (mono) / up to 34 ppm (color) - capacity: 250 sheets - Hi-Speed USB, Ethernet","Ultra Jet Super Color","https://sdk.openui5.org/test-resources/sap/ui/documentation/sdk/images/HT-1050.jpg","In Stock",17,"PC","EUR",139,41,41,28,"cm",4
"HT-1051","Printers","Printers & Scanners","1","Printer for All",1.9,"KG","1000 dpi x 1000 dpi - up to 35 ppm (mono) / up to 34 ppm (color) - capacity: 250 sheets - Hi-Speed USB - excellent dimensions for the small office","Ultra Jet Mobile","https://sdk.openui5.org/test-resources/sap/ui/documentation/sdk/images/HT-1051.jpg","In Stock",18,"PC","EUR",99,46,32,25,"cm",4
"HT-1052","Printers","Printers & Scanners","1","Printer for All",18,"KG","4800 dpi x 1200 dpi - up to 35 ppm (mono) / up to 34 ppm (color) - capacity: 250 sheets - Hi-Speed USB2.0, Ethernet","Ultra Jet Super Highspeed","https://sdk.openui5.org/test-resources/sap/ui/documentation/sdk/images/HT-1052.jpg","In Stock",25,"PC","EUR",170,41,41,28,"cm",4
"HT-1055","Multifunction Printers","Printers & Scanners","1","Printer for All",6.3,"KG","1000 dpi x 1000 dpi - up to 16 ppm (mono) / up to 15 ppm (color)- capacity 80 sheets - scanner (216 x 297 mm, 1200dpi x 2400dpi)","Multi Print","https://sdk.openui5.org/test-resources/sap/ui/documentation/sdk/images/HT-1055.jpg","In Stock",16,"PC","EUR",99,55,45,29,"cm",4
"HT-1056","Multifunction Printers","Printers & Scanners","1","Printer for All",4.3,"KG","1200 dpi x 1200 dpi - up to 25 ppm (mono) / up to 24 ppm (color)- capacity 80 sheets - scanner (216 x 297 mm, 2400dpi x 4800dpi, high resolution)","Multi Color","https://sdk.openui5.org/test-resources/sap/ui/documentation/sdk/images/HT-1056.jpg","In Stock",5,"PC","EUR",119,51,41.3,22,"cm",4
"HT-1060","Mice","Computer Components","1","Oxynum",0.09,"KG","Cordless Optical USB Mice, Laptop, Color: Black, Plug&Play","Cordless Mouse","https://sdk.openui5.org/test-resources/sap/ui/documentation/sdk/images/HT-1060.jpg","In Stock",25,"PC","EUR",9,6,14.5,3.5,"cm",4
"HT-1061","Mice","Computer Components","1","Oxynum",0.09,"KG","Optical USB, PS/2 Mouse, Color: Blue, 3-button-functionality (incl. Scroll wheel)","Speed Mouse","https://sdk.openui5.org/test-resources/sap/ui/documentation/sdk/images/HT-1061.jpg","In Stock",12,"PC","EUR",7,7,15,3.1,"cm",4
"HT-1062","Mice","Computer Components","1","Oxynum",0.03,"KG","Optical USB Mouse, Color: Red, 5-button-functionality(incl. Scroll wheel), Plug&Play","Track Mouse","https://sdk.openui5.org/test-resources/sap/ui/documentation/sdk/images/HT-1062.jpg","In Stock",12,"PC","EUR",11,3,7,4,"cm",4
"HT-1063","Keyboards","Computer Components","1","Oxynum",2.1,"KG","Ergonomic USB Keyboard for Desktop, Plug&Play","Ergonomic Keyboard","https://sdk.openui5.org/test-resources/sap/ui/documentation/sdk/images/HT-1063.jpg","In Stock",50,"PC","EUR",14,50,21,3.5,"cm",4
"HT-1064","Keyboards","Computer Components","1","Oxynum",1.8,"KG","Corded Keyboard with special keys for Internet Usability, USB","Internet Keyboard","https://sdk.openui5.org/test-resources/sap/ui/documentation/sdk/images/HT-1064.jpg","In Stock",35,"PC","EUR",16,52,25,3,"cm",4
"HT-1065","Keyboards","Computer Components","1","Oxynum",2.3,"KG","Corded Ergonomic Keyboard with special keys for Media Usability, USB","Media Keyboard","https://sdk.openui5.org/test-resources/sap/ui/documentation/sdk/images/HT-1065.jpg","In Stock",26,"PC","EUR",26,51.4,23,4,"cm",4
"HT-1066","Mousepads","Computer Components","1","Oxynum",80,"G","Nice mouse pad with ITelO Logo","Mousepad","https://sdk.openui5.org/test-resources/sap/ui/documentation/sdk/images/HT-1066.jpg","In Stock",12,"PC","EUR",6.99,15,6,0.2,"cm",4
"HT-1067","Mousepads","Computer Components","1","Oxynum",80,"G","Ergonomic mouse pad with ITelO Logo","Ergo Mousepad","https://sdk.openui5.org/test-resources/sap/ui/documentation/sdk/images/HT-1067.jpg","In Stock",16,"PC","EUR",8.99,15,6,0.2,"cm",4
"HT-1068","Mousepads","Computer Components","1","Fasttech",90,"G","ITelO Mousepad Special Edition","Designer Mousepad","https://sdk.openui5.org/test-resources/sap/ui/documentation/sdk/images/HT-1068.jpg","In Stock",26,"PC","EUR",12.99,24,24,0.6,"cm",4
"HT-1069","Computer System Accessories","Computer Systems","1","Fasttech",45,"G","Universal card reader","Universal card reader","https://sdk.openui5.org/test-resources/sap/ui/documentation/sdk/images/HT-1069.jpg","In Stock",22,"PC","EUR",14,6,6,3,"cm",4
"HT-1070","Graphic Cards","Computer Components","1","Ultrasonic United",0.255,"KG","Proctra X: PCI-E GDDR5 3072MB","Proctra X","https://sdk.openui5.org/test-resources/sap/ui/documentation/sdk/images/HT-1070.jpg","In Stock",15,"PC","EUR",70.9,22,35,17,"cm",4
"HT-1071","Graphic Cards","Computer Components","1","Ultrasonic United",0.3,"KG","Gladiator XLN: PCI-E GDDR5 3072MB DVI Out, TV Out low-noise","Gladiator MX","https://sdk.openui5.org/test-resources/sap/ui/documentation/sdk/images/HT-1071.jpg","In Stock",16,"PC","EUR",81.7,22,35,17,"cm",4
"HT-1072","Graphic Cards","Computer Components","1","Ultrasonic United",0.4,"KG","Hurricane GX: PCI-E 691 GFLOPS game-optimized","Hurricane GX","https://sdk.openui5.org/test-resources/sap/ui/documentation/sdk/images/HT-1072.jpg","In Stock",13,"PC","EUR",101.2,22,35,17,"cm",4
"HT-1073","Graphic Cards","Computer Components","1","Smartcards",0.4,"KG","Hurricane GX/LN: PCI-E 691 GFLOPS game-optimized, low-noise.","Hurricane GX/LN","https://sdk.openui5.org/test-resources/sap/ui/documentation/sdk/images/HT-1073.jpg","In Stock",5,"PC","EUR",139.99,22,35,17,"cm",4
"HT-1080","Scanners","Printers & Scanners","1","Printer for All",2.3,"KG","Flatbed scanner - 9.600 × 9.600 dpi - 216 x 297 mm - Hi-Speed USB - Bluetooth","Photo Scan","https://sdk.openui5.org/test-resources/sap/ui/documentation/sdk/images/HT-1080.jpg","In Stock",8,"PC","EUR",129,34,48,5,"cm",4
"HT-1081","Scanners","Printers & Scanners","1","Printer for All",2.4,"KG","Flatbed scanner - 9.600 × 9.600 dpi - 216 x 297 mm - SCSI for backward compatibility","Power Scan","https://sdk.openui5.org/test-resources/sap/ui/documentation/sdk/images/HT-1081.jpg","In Stock",11,"PC","EUR",89,31,43,7,"cm",4
"HT-1082","Scanners","Printers & Scanners","1","Printer for All",3.2,"KG","Flatbed scanner - Letter - 2400 dpi x 2400 dpi - 216 x 297 mm - add-on module","Jet Scan Professional","https://sdk.openui5.org/test-resources/sap/ui/documentation/sdk/images/HT-1082.jpg","In Stock",13,"PC","EUR",169,33,41,12,"cm",4
"HT-1083","Scanners","Printers & Scanners","1","Printer for All",3.2,"KG","Flatbed scanner - A4 - 2400 dpi x 2400 dpi - 216 x 297 mm - add-on module","Jet Scan Professional","https://sdk.openui5.org/test-resources/sap/ui/documentation/sdk/images/HT-1083.jpg","In Stock",10,"PC","EUR",189,35,40,10,"cm",4
"HT-1085","Multifunction Printers","Printers & Scanners","1","Alpha Printers",23.2,"KG","Copymaster","Copymaster","https://sdk.openui5.org/test-resources/sap/ui/documentation/sdk/images/HT-1085.jpg","In Stock",10,"PC","EUR",1499,45,42,22,"cm",4
"HT-1090","Speakers","Computer Components","1","Speaker Experts",3,"KG","PC multimedia speakers - 5 Watt (Total)","Surround Sound","https://sdk.openui5.org/test-resources/sap/ui/documentation/sdk/images/HT-1090.jpg","In Stock",20,"PC","EUR",39,12,10,16,"cm",4
"HT-1091","Speakers","Computer Components","1","Speaker Experts",1.4,"KG","PC multimedia speakers - 10 Watt (Total) - 2-way","Blaster Extreme","https://sdk.openui5.org/test-resources/sap/ui/documentation/sdk/images/HT-1091.jpg","In Stock",15,"PC","EUR",26,13,11,17.5,"cm",4
"HT-1092","Speakers","Computer Components","1","Speaker Experts",2.1,"KG","PC multimedia speakers - optimized for Blutooth/A2DP","Sound Booster","https://sdk.openui5.org/test-resources/sap/ui/documentation/sdk/images/HT-1092.jpg","In Stock",50,"PC","EUR",45,12.4,10.4,18.1,"cm",4
"HT-1100","Software","Software","1","Technocom",1.2,"KG","Complete package, 1 User, Office Applications (word processing, spreadsheet, presentations)","Smart Office","https://sdk.openui5.org/test-resources/sap/ui/documentation/sdk/images/HT-1100.jpg","In Stock",25,"PC","EUR",89.9,15,6.5,2.1,"cm",4
"HT-1101","Software","Software","1","Technocom",0.8,"KG","Complete package, 1 User, Image editing, processing","Smart Design","https://sdk.openui5.org/test-resources/sap/ui/documentation/sdk/images/HT-1101.jpg","In Stock",26,"PC","EUR",79.9,14,6.7,24,"cm",4
"HT-1102","Software","Software","1","Technocom",0.8,"KG","Complete package, 1 User, Network Software Utilities, Useful Applications and Documentation","Smart Network","https://sdk.openui5.org/test-resources/sap/ui/documentation/sdk/images/HT-1102.jpg","In Stock",28,"PC","EUR",69,16,6,27,"cm",4
"HT-1103","Software","Software","1","Technocom",0.8,"KG","Complete package, 1 User, different Multimedia applications, playing music, watching DVDs, only with this Smart package","Smart Multimedia","https://sdk.openui5.org/test-resources/sap/ui/documentation/sdk/images/HT-1103.jpg","In Stock",9,"PC","EUR",77,11,3.4,22,"cm",4
"HT-1104","Software","Software","1","Technocom",1.1,"KG","Complete package, 1 User, various games for amusement, logic, action, jump&run","Smart Games","https://sdk.openui5.org/test-resources/sap/ui/documentation/sdk/images/HT-1104.jpg","In Stock",13,"PC","EUR",55,10,3,30,"cm",4
"HT-1105","Software","Software","1","Brainsoft",0.7,"KG","Complete package, 1 User, highly recommended for internet users as anti-virus protection","Smart Internet Antivirus","https://sdk.openui5.org/test-resources/sap/ui/documentation/sdk/images/HT-1105.jpg","In Stock",17,"PC","EUR",29,16,4,21,"cm",4
"HT-1106","Software","Software","1","Brainsoft",0.9,"KG","Complete package, 1 User, recommended for internet users, protect your PC against cyber-crime","Smart Firewall","https://sdk.openui5.org/test-resources/sap/ui/documentation/sdk/images/HT-1106.jpg","In Stock",19,"PC","EUR",34,17.9,4.2,23.1,"cm",4
"HT-1107","Software","Software","1","Brainsoft",0.5,"KG","Complete package, 1 User, bring your money in your mind, see what you have and what you want","Smart Money","https://sdk.openui5.org/test-resources/sap/ui/documentation/sdk/images/HT-1107.jpg","In Stock",18,"PC","EUR",29.9,12,1.5,19,"cm",4
"HT-1110","Computer System Accessories","Computer Systems","1","Red Point Stores",0.03,"KG","Robust 3m anti-burglary protection for your laptop computer","PC Lock","https://sdk.openui5.org/test-resources/sap/ui/documentation/sdk/images/HT-1110.jpg","In Stock",14,"PC","EUR",8.9,20,8,4.3,"cm",4
"HT-1111","Computer System Accessories","Computer Systems","1","Red Point Stores",0.02,"KG","Robust 1m anti-burglary protection for your desktop computer","Notebook Lock","https://sdk.openui5.org/test-resources/sap/ui/documentation/sdk/images/HT-1111.jpg","In Stock",20,"PC","EUR",6.9,31,9,7,"cm",4
"HT-1112","Computer System Accessories","Computer Systems","1","Red Point Stores",0.075,"KG","Color webcam, color, High-Speed USB","Web cam reality","https://sdk.openui5.org/test-resources/sap/ui/documentation/sdk/images/HT-1112.jpg","In Stock",27,"PC","EUR",39,9,8.2,1.3,"cm",4
"HT-1113","Computer System Accessories","Computer Systems","1","Red Point Stores",0.05,"KG","10 separately packed screen wipes","Screen clean","https://sdk.openui5.org/test-resources/sap/ui/documentation/sdk/images/HT-1113.jpg","In Stock",17,"PC","EUR",2.3,2,2,0.1,"cm",4
"HT-1114","Computer System Accessories","Computer Systems","1","Red Point Stores",1.8,"KG","Notebook bag, plenty of room for stationery and writing materials","Fabric bag professional","https://sdk.openui5.org/test-resources/sap/ui/documentation/sdk/images/HT-1114.jpg","In Stock",14,"PC","EUR",31,42,32,7,"cm",4
"HT-1115","Telecommunications","Computer Components","1","Red Point Stores",0.45,"KG","Wireless DSL Router (available in blue, black and silver)","Wireless DSL Router","https://sdk.openui5.org/test-resources/sap/ui/documentation/sdk/images/HT-1115.jpg","In Stock",16,"PC","EUR",49,19.3,18,5,"cm",4
"HT-1116","Telecommunications","Computer Components","1","Red Point Stores",0.45,"KG","Wireless DSL Router / Repeater (available in blue, black and silver)","Wireless DSL Router / Repeater","https://sdk.openui5.org/test-resources/sap/ui/documentation/sdk/images/HT-1116.jpg","In Stock",12,"PC","EUR",59,19.3,18,5,"cm",4
"HT-1117","Telecommunications","Computer Components","1","Technocom",0.45,"KG","Wireless DSL Router / Repeater and Print Server (available in blue, black and silver)","Wireless DSL Router / Repeater and Print Server","https://sdk.openui5.org/test-resources/sap/ui/documentation/sdk/images/HT-1117.jpg","In Stock",12,"PC","EUR",69,19.3,18,5,"cm",4
"HT-1118","Computer System Accessories","Computer Systems","1","Technocom",0.015,"KG","USB 2.0 High-Speed 64 GB","USB Stick","https://sdk.openui5.org/test-resources/sap/ui/documentation/sdk/images/HT-1118.jpg","In Stock",14,"PC","EUR",35,1.5,8.7,1.2,"cm",4
"HT-1120","Keyboards","Computer Components","1","Technocom",1,"KG","Cordless Bluetooth Keyboard with English keys","Cordless Bluetooth Keyboard, english international","https://sdk.openui5.org/test-resources/sap/ui/documentation/sdk/images/HT-1120.jpg","In Stock",13,"PC","EUR",29,51.4,23,4,"cm",4
"HT-1137","Flat Screen Monitors","Computer Components","1","Technocom",18,"KG","Optimum Hi-Resolution max. 2048 × 1536 @ 85Hz, Dot Pitch: 0.24mm","Flat XXL","https://sdk.openui5.org/test-resources/sap/ui/documentation/sdk/images/HT-1137.jpg","In Stock",10,"PC","EUR",1430,54,22,38,"cm",4
"HT-1138","Mice","Computer Components","1","Technocom",0.02,"KG","Portable pocket Mouse with retracting cord","Pocket Mouse","https://sdk.openui5.org/test-resources/sap/ui/documentation/sdk/images/HT-1138.jpg","In Stock",20,"PC","EUR",23,0.3,0.5,1,"cm",4
"HT-1210","PCs","Computer Systems","1","Technocom",2.3,"KG","PC Power Station with 3,4 Ghz quad-core, 32 GB DDR3 SDRAM, feels like Available PC, Windows 8 Pro","PC Power Station","https://sdk.openui5.org/test-resources/sap/ui/documentation/sdk/images/HT-1210.jpg","In Stock",22,"PC","EUR",2399,28,31,43,"cm",4
"HT-1500","Servers","Computer Systems","1","Technocom",18,"KG","Dual socket, quad-core processing server with 1333 MHz Front Side Bus with 10Gb connectivity","Server Basic","https://sdk.openui5.org/test-resources/sap/ui/documentation/sdk/images/HT-1500.jpg","In Stock",24,"PC","EUR",5000,34,35,23,"cm",4
"HT-1501","Servers","Computer Systems","1","Technocom",25,"KG","Dual socket, quad-core processing server with 1644 MHz Front Side Bus with 10Gb connectivity","Server Professional","https://sdk.openui5.org/test-resources/sap/ui/documentation/sdk/images/HT-1501.jpg","In Stock",26,"PC","EUR",15000,29,30,27,"cm",4
"HT-1502","Servers","Computer Systems","1","Technocom",35,"KG","Dual socket, quad-core processing server with 1644 MHz Front Side Bus with 100Gb connectivity","Server Power Pro","https://sdk.openui5.org/test-resources/sap/ui/documentation/sdk/images/HT-1502.jpg","In Stock",34,"PC","EUR",25000,22,27.3,37,"cm",4
"HT-6130","Flat Screen TVs","TV, Video & HiFi","1","Very Best Screens",2.6,"KG","32-inch, 1366x768 Pixel, 16:9, HDTV ready","Flat Watch HD32","https://sdk.openui5.org/test-resources/sap/ui/documentation/sdk/images/HT-6130.jpg","In Stock",16,"PC","EUR",1459,78,22.1,55,"cm",4
"HT-6131","Flat Screen TVs","TV, Video & HiFi","1","Very Best Screens",2.2,"KG","37-inch, 1366x768 Pixel, 16:9, HDTV ready","Flat Watch HD37","https://sdk.openui5.org/test-resources/sap/ui/documentation/sdk/images/HT-6131.jpg","In Stock",14,"PC","EUR",1199,99.1,26,61,"cm",4
"HT-6132","Flat Screen TVs","TV, Video & HiFi","1","Very Best Screens",1.8,"KG","41-inch, 1366x768 Pixel, 16:9, HDTV ready","Flat Watch HD41","https://sdk.openui5.org/test-resources/sap/ui/documentation/sdk/images/HT-6132.jpg","In Stock",13,"PC","EUR",899,128,23,79.1,"cm",4
"HT-7030","Accessories","Computer Components","1","Fasttech",0.5,"KG","Our new multifunctional Handheld with phone function in platinum","Platinberry","https://sdk.openui5.org/test-resources/sap/ui/documentation/sdk/images/HT-7030.jpg","In Stock",12,"PC","EUR",549,8.1,13,12.1,"cm",4
"HT-7020","Accessories","Computer Components","1","Fasttech",0.5,"KG","Our new multifunctional Handheld with phone function in gold","Goldberry","https://sdk.openui5.org/test-resources/sap/ui/documentation/sdk/images/HT-7020.jpg","In Stock",11,"PC","EUR",549,8.1,13,12.1,"cm",4
"HT-7010","Accessories","Computer Components","1","Fasttech",0.5,"KG","Our new multifunctional Handheld with phone function in silver","Silverberry","https://sdk.openui5.org/test-resources/sap/ui/documentation/sdk/images/HT-7010.jpg","In Stock",9,"PC","EUR",549,8.1,13,12.1,"cm",4
"HT-7000","Accessories","Computer Components","1","Fasttech",0.5,"KG","Our new multifunctional Handheld with phone function in copper","Copperberry","https://sdk.openui5.org/test-resources/sap/ui/documentation/sdk/images/HT-7000.jpg","In Stock",5,"PC","EUR",549,8.1,13,12.1,"cm",4
"HT-1095","Accessories","Computer Components","1","Fasttech",80,"G","5.1 Headset, 40 Hz-20 kHz, Wireless","Lovely Sound 5.1 Wireless","https://sdk.openui5.org/test-resources/sap/ui/documentation/sdk/images/HT-1095.jpg","In Stock",12,"PC","EUR",49,24,19,23,"cm",4
"HT-1096","Accessories","Computer Components","1","Fasttech",130,"G","5.1 Headset, 40 Hz-20 kHz, 3m cable","Lovely Sound 5.1","https://sdk.openui5.org/test-resources/sap/ui/documentation/sdk/images/HT-1096.jpg","In Stock",18,"PC","EUR",39,25,17,19,"cm",4
"HT-1097","Accessories","Computer Components","1","Fasttech",60,"G","5.1 Headset, 40 Hz-20 kHz, 1m cable","Lovely Sound Stereo","https://sdk.openui5.org/test-resources/sap/ui/documentation/sdk/images/HT-1097.jpg","In Stock",21,"PC","EUR",29,21.3,2.4,19.7,"cm",4
"HT-6123","Accessories","TV, Video & HiFi","1","Fasttech",267,"G","MP3-Player with 80 GB SSD and Color Display, can play movies","Power Pro Player 80","https://sdk.openui5.org/test-resources/sap/ui/documentation/sdk/images/HT-6123.jpg","In Stock",13,"PC","EUR",299,4,6,0.8,"cm",4
"HT-6122","Accessories","TV, Video & HiFi","1","Fasttech",266,"G","MP3-Player with 40 GB HDD and Color Display, can play movies","Power Pro Player 40","https://sdk.openui5.org/test-resources/sap/ui/documentation/sdk/images/HT-6122.jpg","In Stock",23,"PC","EUR",167,5.1,8,9.2,"cm",4
"HT-6121","Accessories","TV, Video & HiFi","1","Fasttech",134,"G","ITelo Jog-Mate 64 GB HDD and Color Display, can play movies","ITelo Jog-Mate","https://sdk.openui5.org/test-resources/sap/ui/documentation/sdk/images/HT-6121.jpg","In Stock",24,"PC","EUR",63,5.1,8,9.2,"cm",4
"HT-6120","Accessories","TV, Video & HiFi","1","Fasttech",134,"G","64 GB USB Music-on-Available-Stick","ITelo MusicStick","https://sdk.openui5.org/test-resources/sap/ui/documentation/sdk/images/HT-6120.jpg","In Stock",15,"PC","EUR",45,1.5,6,1,"cm",4
"HT-6111","Accessories","TV, Video & HiFi","1","Fasttech",3.1,"KG","160 GB HDD, CD-RW, DVD+R/RW, DVD-R/RW, MPEG 2 (Video-DVD), MPEG 4, VCD, SVCD, DivX, Xvid","Record Movie","https://sdk.openui5.org/test-resources/sap/ui/documentation/sdk/images/HT-6111.jpg","In Stock",24,"PC","EUR",288,38,26,6.2,"cm",4
"HT-6110","Accessories","TV, Video & HiFi","1","Fasttech",2.4,"KG","CD-RW, DVD+R/RW, DVD-R/RW, MPEG 2 (Video-DVD), MPEG 4, VCD, SVCD, DivX, Xvid","Play Movie","https://sdk.openui5.org/test-resources/sap/ui/documentation/sdk/images/HT-6110.jpg","In Stock",15,"PC","EUR",130,37,24,6,"cm",4
"HT-6102","Accessories","TV, Video & HiFi","1","Technocom",2.5,"KG","1080p, DLP max. 12,3 Meter, 3D-ready","Beam Breaker B-3","https://sdk.openui5.org/test-resources/sap/ui/documentation/sdk/images/HT-6102.jpg","In Stock",16,"PC","EUR",889,30.4,23.1,23,"cm",4
"HT-6101","Accessories","TV, Video & HiFi","1","Technocom",2,"KG","1080p, DLP max.9,34 Meter, 2D-ready","Beam Breaker B-2","https://sdk.openui5.org/test-resources/sap/ui/documentation/sdk/images/HT-6101.jpg","In Stock",18,"PC","EUR",679,30.4,23.1,23,"cm",4
"HT-2002","Accessories","TV, Video & HiFi","1","Technocom",0.72,"KG","9"" LCD Screen, storage holds up to 8 hours, 2 speakers included","Portable DVD Player with 9"" LCD Monitor","https://sdk.openui5.org/test-resources/sap/ui/documentation/sdk/images/HT-2002.jpg","In Stock",50,"PC","EUR",853.99,21,16.5,14,"cm",4
"HT-6100","Accessories","TV, Video & HiFi","1","Titanium",1.7,"KG","720p, DLP Projector max. 8,45 Meter, 2D","Beam Breaker B-1","https://sdk.openui5.org/test-resources/sap/ui/documentation/sdk/images/HT-6100.jpg","In Stock",32,"PC","EUR",469,30.4,23.1,23,"cm",4
"HT-2027","Accessories","Computer Systems","1","Titanium",0.15,"KG","Removable jewel case labels, zero residues (100)","Removable CD/DVD Laser Labels","https://sdk.openui5.org/test-resources/sap/ui/documentation/sdk/images/HT-2027.jpg","In Stock",25,"PC","EUR",8.99,5.5,2,2,"cm",4
"HT-2026","Accessories","Computer Systems","1","Titanium",0.2,"KG","Quality cables for notebooks and projectors","Audio/Video Cable Kit - 4m","https://sdk.openui5.org/test-resources/sap/ui/documentation/sdk/images/HT-2026.jpg","In Stock",16,"PC","EUR",29.99,21,10.2,13,"cm",4
"HT-2025","Accessories","Computer Systems","1","Titanium",0.65,"KG","Organizer and protective case for 264 CDs and DVDs","CD/DVD case: 264 sleeves","https://sdk.openui5.org/test-resources/sap/ui/documentation/sdk/images/HT-2025.jpg","In Stock",26,"PC","EUR",44.99,13,13,20,"cm",4
"HT-2001","Accessories","TV, Video & HiFi","1","Titanium",0.84,"KG","10"" LCD Screen, storage battery holds up to 8 hours","10"" Portable DVD player","https://sdk.openui5.org/test-resources/sap/ui/documentation/sdk/images/HT-2001.jpg","In Stock",21,"PC","EUR",449.99,24,19.5,29,"cm",4
"HT-2000","Accessories","TV, Video & HiFi","1","Titanium",0.79,"KG","7"" LCD Screen, storage battery holds up to 6 hours!","7"" Widescreen Portable DVD Player w MP3","https://sdk.openui5.org/test-resources/sap/ui/documentation/sdk/images/HT-2000.jpg","In Stock",20,"PC","EUR",249.99,21.4,19,27.6,"cm",4
"HT-1603","Desktop Computers","Computer Systems","1","Titanium",6.8,"KG","3,4 Ghz quad core, 16 GB DDR3 SDRAM, 4000 GB Hard Disc, Graphic Card: Hurricane GX, Windows 8","Gaming Monster Pro","https://sdk.openui5.org/test-resources/sap/ui/documentation/sdk/images/HT-1603.jpg","In Stock",25,"PC","EUR",1700,27,28,42,"cm",4
"HT-1602","Desktop Computers","Computer Systems","1","Titanium",5.9,"KG","3,4 Ghz quad core, 8 GB DDR3 SDRAM, 2000 GB Hard Disc, Graphic Card: Gladiator MX, Windows 8","Gaming Monster","https://sdk.openui5.org/test-resources/sap/ui/documentation/sdk/images/HT-1602.jpg","In Stock",24,"PC","EUR",1200,26.5,34,47,"cm",4
"HT-1601","Desktop Computers","Computer Systems","1","Titanium",5.3,"KG","2,8 Ghz dual core, 4 GB DDR3 SDRAM, 1000 GB Hard Disc, Graphic Card: Gladiator MX, Windows 8","Family PC Pro","https://sdk.openui5.org/test-resources/sap/ui/documentation/sdk/images/HT-1601.jpg","In Stock",20,"PC","EUR",900,25,31.7,40.2,"cm",4
"HT-1600","Desktop Computers","Computer Systems","1","Titanium",4.8,"KG","2,8 Ghz dual core, 4 GB DDR3 SDRAM, 500 GB Hard Disc, Graphic Card: Proctra X, Windows 8","Family PC Basic","https://sdk.openui5.org/test-resources/sap/ui/documentation/sdk/images/HT-1600.jpg","In Stock",10,"PC","EUR",600,21.4,29,38,"cm",4
"HT-1119","Accessories","Computer Systems","1","Titanium",88,"G","Universal Travel Adapter","Travel Adapter","https://sdk.openui5.org/test-resources/sap/ui/documentation/sdk/images/HT-1119.jpg","In Stock",10,"PC","EUR",79,2,3.1,3.9,"cm",4
"HT-8000","Laptops","Computer Systems","1","Titanium",4,"KG","Notebook with 2,80 GHz dual core, 4 GB DDR3 SDRAM, 500 GB Hard Disc, Windows 8","ITelO FlexTop I4000","https://sdk.openui5.org/test-resources/sap/ui/documentation/sdk/images/HT-8000.jpg","In Stock",11,"PC","EUR",799,31,19,3.1,"cm",4
"HT-8001","Laptops","Computer Systems","1","Titanium",4.2,"KG","Notebook with 2,80 GHz dual core, 8 GB DDR3 SDRAM, 500 GB Hard Disc, Windows 8","ITelO FlexTop I6300c","https://sdk.openui5.org/test-resources/sap/ui/documentation/sdk/images/HT-8001.jpg","In Stock",20,"PC","EUR",799,32,20,3.4,"cm",4
"HT-8002","Laptops","Computer Systems","1","Titanium",3.5,"KG","Notebook with 2,80 GHz quad core, 4 GB DDR3 SDRAM, 1000 GB Hard Disc, Windows 8","ITelO FlexTop I9100","https://sdk.openui5.org/test-resources/sap/ui/documentation/sdk/images/HT-8002.jpg","In Stock",20,"PC","EUR",1199,38,21,4.1,"cm",4
"HT-8003","Laptops","Computer Systems","1","Titanium",3.8,"KG","Notebook with 2,80 GHz quad core, 8 GB DDR3 SDRAM, 1000 GB Hard Disc, Windows 8","ITelO FlexTop I9800","https://sdk.openui5.org/test-resources/sap/ui/documentation/sdk/images/HT-8003.jpg","In Stock",22,"PC","EUR",1388,48,31,4.5,"cm",4
"PF-1000","Accessories","Computer Systems","1","Titanium",0.01,"KG","Flyer for our product palette","Flyer","https://sdk.openui5.org/test-resources/sap/ui/documentation/sdk/images/PF-1000.jpg","In Stock",33,"PC","EUR",0,46,30,3,"cm",4
"HT-9999","Tablets","Smartphones & Tablets","1","Titanium",3.8,"KG","10.1-inch Multitouch HD Screen (1280 x 800), 16GB Internal Memory, Wireless N Wi-Fi; Bluetooth, GPS Enabled, 1GHz Dual-Core Processor","Maxi Tablet","https://sdk.openui5.org/test-resources/sap/ui/documentation/sdk/images/HT-9999.jpg","In Stock",20,"PC","EUR",749,48,31,4.5,"cm",4
"HT-9998","Smartphones and Tablets","Smartphones & Tablets","1","Titanium",0.75,"KG","5 Megapixel Camera, Wi-Fi 802.11 b/g/n, Bluetooth, GPS Available-GPS support","Smartphone Beta","https://sdk.openui5.org/test-resources/sap/ui/documentation/sdk/images/HT-9998.jpg","In Stock",21,"PC","EUR",30,48,31,4.5,"cm",4
"HT-9997","Smartphones and Tablets","Smartphones & Tablets","1","Titanium",3.8,"KG","6-Inch E Ink Screen, Access To e-book Store, Adjustable Font Styles and Sizes, Stores Up To 1,000 Books","e-Book Reader ReadMe","https://sdk.openui5.org/test-resources/sap/ui/documentation/sdk/images/HT-9997.jpg","In Stock",23,"PC","EUR",33,48,31,4.5,"cm",4
"HT-9996","Accessories","Smartphones & Tablets","1","Titanium",0.03,"KG","Stylish tablet pouch, protects from scratches, color: black","Tablet Pouch","https://sdk.openui5.org/test-resources/sap/ui/documentation/sdk/images/HT-9996.jpg","In Stock",34,"PC","EUR",20,25,40,4.5,"cm",4
"HT-9995","Accessories","Smartphones & Tablets","1","Titanium",0.02,"KG","Durable high quality plastic bump-sleeve, lightweight, protects from scratches, rubber coating, multiple colors available, Accurate design and cut-outs for your device, snap-on design","Smartphone Cover","https://sdk.openui5.org/test-resources/sap/ui/documentation/sdk/images/HT-9995.jpg","In Stock",23,"PC","EUR",15,48,31,4.5,"cm",4
"HT-9994","Accessories","TV, Video & HiFi","1","Ultrasonic United",3.8,"KG","1920x1080 Full HD, image stabilization reduces blur, 27x Optical / 32x Extended Zoom, wide angle Lens, 2.7"" wide LCD display","Camcorder View","https://sdk.openui5.org/test-resources/sap/ui/documentation/sdk/images/HT-9994.jpg","In Stock",50,"PC","EUR",1388,48,31,27,"cm",4
"HT-9993","Smartphones and Tablets","Smartphones & Tablets","1","Ultrasonic United",3.8,"KG","7 inch 1280x800 HD display (216 ppi), Quad-core processor, 16 GB internal storage, 4325 mAh battery (Up to 8 hours of active use)","Mini Tablet","https://sdk.openui5.org/test-resources/sap/ui/documentation/sdk/images/HT-9993.jpg","In Stock",10,"PC","EUR",833,48,31,4.5,"cm",4
"HT-9992","Smartphones and Tablets","Smartphones & Tablets","1","Ultrasonic United",0.75,"KG","7 inch 1280x800 HD display (216 ppi), Quad-core processor, 16 GB internal storage (actual formatted capacity will be less), 4325 mAh battery (Up to 8 hours of active use), white or black","Smartphone Alpha","https://sdk.openui5.org/test-resources/sap/ui/documentation/sdk/images/HT-9992.jpg","In Stock",13,"PC","EUR",599,48,31,4.5,"cm",4
"HT-9991","Accessories","Smartphones & Tablets","1","Ultrasonic United",0.02,"KG","Button Clasp, Quality Material, 100% Leather, compatible with many smartphone models","Smartphone Leather Case","https://sdk.openui5.org/test-resources/sap/ui/documentation/sdk/images/HT-9991.jpg","In Stock",12,"PC","EUR",25,48,31,4.5,"cm",4
"HT-1251","Laptops","Computer Systems","1","Ultrasonic United",4.2,"KG","Flexible Laptop with 2,5 GHz Quad Core, 15"" HD TN, 16 GB DDR SDRAM, 256 GB SSD, Windows 10 Pro","Astro Laptop 1516","https://sdk.openui5.org/test-resources/sap/ui/documentation/sdk/images/HT-1251.jpg","In Stock",23,"PC","EUR",989,30,18,3,"cm",4
"HT-1252","Smartphones and Tablets","Smartphones & Tablets","1","Ultrasonic United",0.75,"KG","6 inch 1280x800 HD display (216 ppi), Quad-core processor, 8 GB internal storage (actual formatted capacity will be less), 3050 mAh battery (Up to 8 hours of active use), grey or black","Astro Phone 6","https://sdk.openui5.org/test-resources/sap/ui/documentation/sdk/images/HT-1252.jpg","In Stock",28,"PC","EUR",649,8,6,1.5,"cm",4
"HT-1253","Laptops","Computer Systems","1","Ultrasonic United",4.2,"KG","Flexible Laptop with 2,5 GHz Dual Core, 14"" HD+ TN, 8 GB DDR SDRAM, 324 GB SSD, Windows 10 Pro","Benda Laptop 1408","https://sdk.openui5.org/test-resources/sap/ui/documentation/sdk/images/HT-1253.jpg","In Stock",27,"PC","EUR",976,30,18,3,"cm",4
"HT-1254","Flat Screens","Computer Components","1","Ultrasonic United",15,"KG","Optimum Hi-Resolution Widescreen max. 1920 x 1080 @ 85Hz, Dot Pitch: 0.27mm, HDMI, Discontinued-Sub","Bending Screen 21HD","https://sdk.openui5.org/test-resources/sap/ui/documentation/sdk/images/HT-1254.jpg","In Stock",23,"PC","EUR",250,37,12,36,"cm",4
"HT-1255","Flat Screens","Computer Components","1","Ultrasonic United",16,"KG","Optimum Hi-Resolution Widescreen max. 2048 x 1080 @ 85Hz, Dot Pitch: 0.27mm, HDMI, Discontinued-Sub","Broad Screen 22HD","https://sdk.openui5.org/test-resources/sap/ui/documentation/sdk/images/HT-1255.jpg","In Stock",5,"PC","EUR",270,39,12,38,"cm",4
"HT-1256","Smartphones and Tablets","Smartphones & Tablets","1","Ultrasonic United",0.75,"KG","7 inch 1280x800 HD display (216 ppi), Quad-core processor, 16 GB internal storage (actual formatted capacity will be less), 4325 mAh battery (Up to 8 hours of active use), white or black","Cerdik Phone 7","https://sdk.openui5.org/test-resources/sap/ui/documentation/sdk/images/HT-1256.jpg","In Stock",19,"PC","EUR",549,9,15,1.5,"cm",4
"HT-1257","Smartphones and Tablets","Smartphones & Tablets","1","Ultrasonic United",2.8,"KG","10.5-inch Multitouch HD Screen (1280 x 800), 16GB Internal Memory, Wireless N Wi-Fi; Bluetooth, GPS Enabled, 1GHz Dual-Core Processor","Cepat Tablet 10.5","https://sdk.openui5.org/test-resources/sap/ui/documentation/sdk/images/HT-1257.jpg","In Stock",17,"PC","EUR",549,48,31,4.5,"cm",4
"HT-1258","Smartphones and Tablets","Smartphones & Tablets","1","Ultrasonic United",2.5,"KG","8-inch Multitouch HD Screen (2000 x 1500) 32GB Internal Memory, Wireless N Wi-Fi, Bluetooth, GPS Enabled, 1.5 GHz Quad-Core Processor","Cepat Tablet 8","https://sdk.openui5.org/test-resources/sap/ui/documentation/sdk/images/HT-1258.jpg","In Stock",24,"PC","EUR",529,38,21,3.5,"cm",4